[
  {
    "pk": 1, 
    "model": "f3_final.foodtype", 
    "fields": {
      "name": "Berries"
    }
  }, 
  {
    "pk": 2, 
    "model": "f3_final.foodtype", 
    "fields": {
      "name": "Dairy Products"
    }
  }, 
  {
    "pk": 3, 
    "model": "f3_final.foodtype", 
    "fields": {
      "name": "Eggs"
    }
  }, 
  {
    "pk": 4, 
    "model": "f3_final.foodtype", 
    "fields": {
      "name": "Flowers"
    }
  }, 
  {
    "pk": 5, 
    "model": "f3_final.foodtype", 
    "fields": {
      "name": "Fruits & Nuts"
    }
  }, 
  {
    "pk": 6, 
    "model": "f3_final.foodtype", 
    "fields": {
      "name": "Herbs"
    }
  }, 
  {
    "pk": 7, 
    "model": "f3_final.foodtype", 
    "fields": {
      "name": "Meat & Seafood"
    }
  }, 
  {
    "pk": 8, 
    "model": "f3_final.foodtype", 
    "fields": {
      "name": "Mushrooms"
    }
  }, 
  {
    "pk": 9, 
    "model": "f3_final.foodtype", 
    "fields": {
      "name": "Plants"
    }
  }, 
  {
    "pk": 10, 
    "model": "f3_final.foodtype", 
    "fields": {
      "name": "Vegetables"
    }
  }, 
  {
    "pk": 1, 
    "model": "f3_final.month", 
    "fields": {
      "name": "January", 
      "order": 1
    }
  }, 
  {
    "pk": 2, 
    "model": "f3_final.month", 
    "fields": {
      "name": "February", 
      "order": 2
    }
  }, 
  {
    "pk": 3, 
    "model": "f3_final.month", 
    "fields": {
      "name": "March", 
      "order": 3
    }
  }, 
  {
    "pk": 4, 
    "model": "f3_final.month", 
    "fields": {
      "name": "April", 
      "order": 4
    }
  }, 
  {
    "pk": 5, 
    "model": "f3_final.month", 
    "fields": {
      "name": "May", 
      "order": 5
    }
  }, 
  {
    "pk": 6, 
    "model": "f3_final.month", 
    "fields": {
      "name": "June", 
      "order": 6
    }
  }, 
  {
    "pk": 7, 
    "model": "f3_final.month", 
    "fields": {
      "name": "July", 
      "order": 7
    }
  }, 
  {
    "pk": 8, 
    "model": "f3_final.month", 
    "fields": {
      "name": "August", 
      "order": 8
    }
  }, 
  {
    "pk": 9, 
    "model": "f3_final.month", 
    "fields": {
      "name": "September", 
      "order": 9
    }
  }, 
  {
    "pk": 10, 
    "model": "f3_final.month", 
    "fields": {
      "name": "October", 
      "order": 10
    }
  }, 
  {
    "pk": 11, 
    "model": "f3_final.month", 
    "fields": {
      "name": "November", 
      "order": 11
    }
  }, 
  {
    "pk": 12, 
    "model": "f3_final.month", 
    "fields": {
      "name": "December", 
      "order": 12
    }
  }, 
  {
    "pk": 1, 
    "model": "f3_final.serviceoffering", 
    "fields": {
      "name": "Farm Stand", 
      "description": "Farm Stands can range from a self-serve refrigerator on the back porch to a full-service store."
    }
  }, 
  {
    "pk": 2, 
    "model": "f3_final.serviceoffering", 
    "fields": {
      "name": "Farmers Market", 
      "description": "Farmers Markets are a great way to support local farmers, celebrate our community, and stock your fridge for the week."
    }
  }, 
  {
    "pk": 3, 
    "model": "f3_final.serviceoffering", 
    "fields": {
      "name": "Agritourism", 
      "description": "Agritourism is a fun way to explore the rich agricultural landscape of Whatcom County."
    }
  }, 
  {
    "pk": 4, 
    "model": "f3_final.serviceoffering", 
    "fields": {
      "name": "Organic Farm", 
      "description": "Organic Farms offer products certified to be free of chemical pesticides, fertilizers, hormones and antibiotics."
    }
  }, 
  {
    "pk": 5, 
    "model": "f3_final.serviceoffering", 
    "fields": {
      "name": "U-Pick", 
      "description": "U-Pick is a great way to spend some time outdoors in the country and participate in the harvest. Bring containers, leave pets at home, and wear \"grubby\" clothes."
    }
  }, 
  {
    "pk": 6, 
    "model": "f3_final.serviceoffering", 
    "fields": {
      "name": "Food To Bank On", 
      "description": "Food To Bank On helps beginning farmers get started while they connect with mentor farmers and deliver fresh food to local food banks and shelters."
    }
  }, 
  {
    "pk": 7, 
    "model": "f3_final.serviceoffering", 
    "fields": {
      "name": "Community Supported Agriculture (CSA)", 
      "description": "Community Supported Agriculture (CSA) is a convenient and fun way to invest in local agriculture. Typically, a flat fee for membership is paid to the farmer before the season begins, providing spring capital. Members then receive a weekly \"subscription\" of the freshest items the farm has to offer. CSA programs vary widely in cost, size and content\u2014check listings and call around to find one that fits your needs!"
    }
  }, 
  {
    "pk": 8, 
    "model": "f3_final.serviceoffering", 
    "fields": {
      "name": "Phone Orders", 
      "description": ""
    }
  }, 
  {
    "pk": 9, 
    "model": "f3_final.serviceoffering", 
    "fields": {
      "name": "Restaurants & Retailers", 
      "description": ""
    }
  }, 
  {
    "pk": 10, 
    "model": "f3_final.serviceoffering", 
    "fields": {
      "name": "Website Orders", 
      "description": ""
    }
  }, 
  {
    "pk": 11, 
    "model": "f3_final.serviceoffering", 
    "fields": {
      "name": "Dock-Side", 
      "description": ""
    }
  }, 
  {
    "pk": 1, 
    "model": "f3_final.sustainabilityindicator", 
    "fields": {
      "filename_base": "sustainable_connections", 
      "name": "Sustainable Connections", 
      "description": "Sustainable Connections' members are committed to a local economy built on sustainable business practices."
    }
  }, 
  {
    "pk": 2, 
    "model": "f3_final.sustainabilityindicator", 
    "fields": {
      "filename_base": "bellingham_green_power", 
      "name": "Bellingham Green Power", 
      "description": "Bellingham Green Power purchasers cause 12% of Bellingham's electricity to come from renewable sources: wind, sun, and local cow power!"
    }
  }, 
  {
    "pk": 3, 
    "model": "f3_final.sustainabilityindicator", 
    "fields": {
      "filename_base": "whatcom_watershed_business_pledge", 
      "name": "Whatcom Watershed Business Pledge", 
      "description": "Whatcom Watershed Business Pledge is a voluntary pollution-prevention program to help reduce waste and water pollution."
    }
  }, 
  {
    "pk": 4, 
    "model": "f3_final.sustainabilityindicator", 
    "fields": {
      "filename_base": "toward_zero_waste", 
      "name": "Toward Zero Waste", 
      "description": "Toward Zero Waste is a business-led, community-wide campaign to reduce waste and increase rates of recycling."
    }
  }, 
  {
    "pk": 5, 
    "model": "f3_final.sustainabilityindicator", 
    "fields": {
      "filename_base": "certified_organic", 
      "name": "Certified Organic", 
      "description": "Certified Organic identifies products free of chemical pesticides and fertilizers, hormones and preventative antibiotics."
    }
  }, 
  {
    "pk": 6, 
    "model": "f3_final.sustainabilityindicator", 
    "fields": {
      "filename_base": "salmon_safe", 
      "name": "Salmon Safe", 
      "description": "Salmon Safe certification identifies farms using agricultural practices that protect water quality, salmon habitat, and native biodiversity."
    }
  }, 
  {
    "pk": 7, 
    "model": "f3_final.sustainabilityindicator", 
    "fields": {
      "filename_base": "food_alliance", 
      "name": "Food Alliance", 
      "description": "Food Alliance certification indicates farms with healthy labor practices, pesticide usage, treatment of livestock, and conservation of soil, water and wildlife."
    }
  },
  {
    "pk": 1, 
    "model": "f3_final.food", 
    "fields": {
      "months": [
        8, 
        9
      ], 
      "type": 1, 
      "name": "Blackberries"
    }
  }, 
  {
    "pk": 2, 
    "model": "f3_final.food", 
    "fields": {
      "months": [
        7, 
        8, 
        9
      ], 
      "type": 1, 
      "name": "Blueberries"
    }
  }, 
  {
    "pk": 3, 
    "model": "f3_final.food", 
    "fields": {
      "months": [
        7, 
        8
      ], 
      "type": 1, 
      "name": "Boysenberries"
    }
  }, 
  {
    "pk": 4, 
    "model": "f3_final.food", 
    "fields": {
      "months": [
        6, 
        7, 
        8
      ], 
      "type": 1, 
      "name": "Currants"
    }
  }, 
  {
    "pk": 5, 
    "model": "f3_final.food", 
    "fields": {
      "months": [
        7, 
        8
      ], 
      "type": 1, 
      "name": "Gooseberries"
    }
  }, 
  {
    "pk": 6, 
    "model": "f3_final.food", 
    "fields": {
      "months": [
        8, 
        9
      ], 
      "type": 1, 
      "name": "Loganberries"
    }
  }, 
  {
    "pk": 7, 
    "model": "f3_final.food", 
    "fields": {
      "months": [
        8, 
        9
      ], 
      "type": 1, 
      "name": "Marionberries"
    }
  }, 
  {
    "pk": 8, 
    "model": "f3_final.food", 
    "fields": {
      "months": [
        6, 
        7, 
        8, 
        9
      ], 
      "type": 1, 
      "name": "Raspberries"
    }
  }, 
  {
    "pk": 9, 
    "model": "f3_final.food", 
    "fields": {
      "months": [
        6, 
        7
      ], 
      "type": 1, 
      "name": "Strawberries"
    }
  }, 
  {
    "pk": 10, 
    "model": "f3_final.food", 
    "fields": {
      "months": [
        7, 
        8
      ], 
      "type": 1, 
      "name": "Tayberries"
    }
  }, 
  {
    "pk": 11, 
    "model": "f3_final.food", 
    "fields": {
      "months": [
        1, 
        2, 
        3, 
        4, 
        5, 
        6, 
        7, 
        8, 
        9, 
        10, 
        11, 
        12
      ], 
      "type": 2, 
      "name": "Dairy Products"
    }
  }, 
  {
    "pk": 12, 
    "model": "f3_final.food", 
    "fields": {
      "months": [
        1, 
        2, 
        3, 
        4, 
        5, 
        6, 
        7, 
        8, 
        9, 
        10, 
        11, 
        12
      ], 
      "type": 3, 
      "name": "Eggs"
    }
  }, 
  {
    "pk": 13, 
    "model": "f3_final.food", 
    "fields": {
      "months": [
        5, 
        6, 
        7, 
        8, 
        9, 
        10, 
        11
      ], 
      "type": 4, 
      "name": "Flowers"
    }
  }, 
  {
    "pk": 14, 
    "model": "f3_final.food", 
    "fields": {
      "months": [
        7, 
        8, 
        9, 
        10, 
        11, 
        12
      ], 
      "type": 5, 
      "name": "Apples"
    }
  }, 
  {
    "pk": 15, 
    "model": "f3_final.food", 
    "fields": {
      "months": [
        8, 
        9, 
        10, 
        11, 
        12
      ], 
      "type": 5, 
      "name": "Asian Pears"
    }
  }, 
  {
    "pk": 16, 
    "model": "f3_final.food", 
    "fields": {
      "months": [
        7, 
        8, 
        9
      ], 
      "type": 5, 
      "name": "Cherries"
    }
  }, 
  {
    "pk": 17, 
    "model": "f3_final.food", 
    "fields": {
      "months": [
        8, 
        9, 
        10, 
        11
      ], 
      "type": 5, 
      "name": "Grapes"
    }
  }, 
  {
    "pk": 18, 
    "model": "f3_final.food", 
    "fields": {
      "months": [
        9, 
        10
      ], 
      "type": 5, 
      "name": "Hazelnuts"
    }
  }, 
  {
    "pk": 19, 
    "model": "f3_final.food", 
    "fields": {
      "months": [
        8, 
        9
      ], 
      "type": 5, 
      "name": "Melons"
    }
  }, 
  {
    "pk": 20, 
    "model": "f3_final.food", 
    "fields": {
      "months": [
        8, 
        9, 
        10
      ], 
      "type": 5, 
      "name": "Nectarines"
    }
  }, 
  {
    "pk": 21, 
    "model": "f3_final.food", 
    "fields": {
      "months": [
        8, 
        9, 
        10
      ], 
      "type": 5, 
      "name": "Peaches"
    }
  }, 
  {
    "pk": 22, 
    "model": "f3_final.food", 
    "fields": {
      "months": [
        8, 
        9, 
        10, 
        11, 
        12
      ], 
      "type": 5, 
      "name": "Pears"
    }
  }, 
  {
    "pk": 23, 
    "model": "f3_final.food", 
    "fields": {
      "months": [
        7, 
        8, 
        9, 
        10
      ], 
      "type": 5, 
      "name": "Plums"
    }
  }, 
  {
    "pk": 24, 
    "model": "f3_final.food", 
    "fields": {
      "months": [
        5, 
        6
      ], 
      "type": 5, 
      "name": "Rhubarb"
    }
  }, 
  {
    "pk": 25, 
    "model": "f3_final.food", 
    "fields": {
      "months": [
        1, 
        2, 
        3, 
        4, 
        5, 
        6, 
        7, 
        8, 
        9, 
        10, 
        11, 
        12
      ], 
      "type": 6, 
      "name": "Herbs"
    }
  }, 
  {
    "pk": 26, 
    "model": "f3_final.food", 
    "fields": {
      "months": [
        1, 
        2, 
        3, 
        4, 
        5, 
        6, 
        7, 
        8, 
        9, 
        10, 
        11, 
        12
      ], 
      "type": 7, 
      "name": "Red Meats"
    }
  }, 
  {
    "pk": 27, 
    "model": "f3_final.food", 
    "fields": {
      "months": [
        6, 
        7, 
        8, 
        9, 
        10, 
        11, 
        12
      ], 
      "type": 7, 
      "name": "Poultry"
    }
  }, 
  {
    "pk": 28, 
    "model": "f3_final.food", 
    "fields": {
      "months": [
        10, 
        11, 
        12
      ], 
      "type": 7, 
      "name": "Crab"
    }
  }, 
  {
    "pk": 29, 
    "model": "f3_final.food", 
    "fields": {
      "months": [
        6, 
        7
      ], 
      "type": 7, 
      "name": "Prawns"
    }
  }, 
  {
    "pk": 30, 
    "model": "f3_final.food", 
    "fields": {
      "months": [
        5, 
        6
      ], 
      "type": 7, 
      "name": "Shrimp"
    }
  }, 
  {
    "pk": 31, 
    "model": "f3_final.food", 
    "fields": {
      "months": [
        1, 
        2, 
        3, 
        4, 
        5, 
        6, 
        7, 
        8, 
        9, 
        10, 
        11, 
        12
      ], 
      "type": 7, 
      "name": "Salmon"
    }
  }, 
  {
    "pk": 32, 
    "model": "f3_final.food", 
    "fields": {
      "months": [
        1, 
        2, 
        3, 
        4, 
        5, 
        6, 
        7, 
        8, 
        9, 
        10, 
        11, 
        12
      ], 
      "type": 8, 
      "name": "Mushrooms"
    }
  }, 
  {
    "pk": 33, 
    "model": "f3_final.food", 
    "fields": {
      "months": [
        3, 
        4, 
        5, 
        6, 
        7, 
        8, 
        9
      ], 
      "type": 9, 
      "name": "Garden Starts"
    }
  }, 
  {
    "pk": 34, 
    "model": "f3_final.food", 
    "fields": {
      "months": [
        1, 
        2, 
        3, 
        4, 
        5, 
        6, 
        7, 
        8, 
        9, 
        10, 
        11, 
        12
      ], 
      "type": 9, 
      "name": "Landscaping"
    }
  }, 
  {
    "pk": 35, 
    "model": "f3_final.food", 
    "fields": {
      "months": [
        9
      ], 
      "type": 10, 
      "name": "Artichokes"
    }
  }, 
  {
    "pk": 36, 
    "model": "f3_final.food", 
    "fields": {
      "months": [
        5, 
        6, 
        7, 
        8, 
        9
      ], 
      "type": 10, 
      "name": "Asian Vegetables"
    }
  }, 
  {
    "pk": 37, 
    "model": "f3_final.food", 
    "fields": {
      "months": [
        4, 
        5, 
        6
      ], 
      "type": 10, 
      "name": "Asparagus"
    }
  }, 
  {
    "pk": 38, 
    "model": "f3_final.food", 
    "fields": {
      "months": [
        7, 
        8, 
        9
      ], 
      "type": 10, 
      "name": "Beans"
    }
  }, 
  {
    "pk": 39, 
    "model": "f3_final.food", 
    "fields": {
      "months": [
        1, 
        2, 
        3, 
        4, 
        5, 
        6, 
        7, 
        8, 
        9, 
        10, 
        11, 
        12
      ], 
      "type": 10, 
      "name": "Beets"
    }
  }, 
  {
    "pk": 40, 
    "model": "f3_final.food", 
    "fields": {
      "months": [
        6, 
        7, 
        8, 
        9
      ], 
      "type": 10, 
      "name": "Broccoli"
    }
  }, 
  {
    "pk": 41, 
    "model": "f3_final.food", 
    "fields": {
      "months": [
        1, 
        2, 
        3, 
        4, 
        5, 
        6, 
        7, 
        8, 
        9, 
        10, 
        11, 
        12
      ], 
      "type": 10, 
      "name": "Cabbage"
    }
  }, 
  {
    "pk": 42, 
    "model": "f3_final.food", 
    "fields": {
      "months": [
        1, 
        2, 
        3, 
        4, 
        5, 
        6, 
        7, 
        8, 
        9, 
        10, 
        11, 
        12
      ], 
      "type": 10, 
      "name": "Carrots"
    }
  }, 
  {
    "pk": 43, 
    "model": "f3_final.food", 
    "fields": {
      "months": [
        6, 
        7, 
        8, 
        9
      ], 
      "type": 10, 
      "name": "Cauliflower"
    }
  }, 
  {
    "pk": 44, 
    "model": "f3_final.food", 
    "fields": {
      "months": [
        8, 
        9, 
        10
      ], 
      "type": 10, 
      "name": "Celeriac"
    }
  }, 
  {
    "pk": 45, 
    "model": "f3_final.food", 
    "fields": {
      "months": [
        8, 
        9
      ], 
      "type": 10, 
      "name": "Celery"
    }
  }, 
  {
    "pk": 46, 
    "model": "f3_final.food", 
    "fields": {
      "months": [
        8, 
        9
      ], 
      "type": 10, 
      "name": "Corn"
    }
  }, 
  {
    "pk": 47, 
    "model": "f3_final.food", 
    "fields": {
      "months": [
        7, 
        8, 
        9, 
        10
      ], 
      "type": 10, 
      "name": "Cucumbers"
    }
  }, 
  {
    "pk": 48, 
    "model": "f3_final.food", 
    "fields": {
      "months": [
        8, 
        9, 
        10
      ], 
      "type": 10, 
      "name": "Eggplant"
    }
  }, 
  {
    "pk": 49, 
    "model": "f3_final.food", 
    "fields": {
      "months": [
        7, 
        8, 
        9, 
        10, 
        11, 
        12
      ], 
      "type": 10, 
      "name": "Garlic"
    }
  }, 
  {
    "pk": 50, 
    "model": "f3_final.food", 
    "fields": {
      "months": [
        1, 
        2, 
        3, 
        4, 
        5, 
        6, 
        7, 
        8, 
        9, 
        10, 
        11, 
        12
      ], 
      "type": 10, 
      "name": "Kale & chard"
    }
  }, 
  {
    "pk": 51, 
    "model": "f3_final.food", 
    "fields": {
      "months": [
        7, 
        8, 
        9, 
        10, 
        12
      ], 
      "type": 10, 
      "name": "Kohlrabi"
    }
  }, 
  {
    "pk": 52, 
    "model": "f3_final.food", 
    "fields": {
      "months": [
        1, 
        9, 
        10, 
        11, 
        12
      ], 
      "type": 10, 
      "name": "Leeks"
    }
  }, 
  {
    "pk": 53, 
    "model": "f3_final.food", 
    "fields": {
      "months": [
        5, 
        6, 
        7, 
        8, 
        9, 
        10, 
        11, 
        12
      ], 
      "type": 10, 
      "name": "Lettuce"
    }
  }, 
  {
    "pk": 54, 
    "model": "f3_final.food", 
    "fields": {
      "months": [
        1, 
        2, 
        3, 
        4, 
        5, 
        6, 
        7, 
        8, 
        9, 
        10, 
        11, 
        12
      ], 
      "type": 10, 
      "name": "Onions"
    }
  }, 
  {
    "pk": 55, 
    "model": "f3_final.food", 
    "fields": {
      "months": [
        8, 
        9, 
        10, 
        11, 
        12
      ], 
      "type": 10, 
      "name": "Ornamental gourds"
    }
  }, 
  {
    "pk": 56, 
    "model": "f3_final.food", 
    "fields": {
      "months": [
        1, 
        9, 
        10, 
        11, 
        12
      ], 
      "type": 10, 
      "name": "Parsnips"
    }
  }, 
  {
    "pk": 57, 
    "model": "f3_final.food", 
    "fields": {
      "months": [
        6, 
        7
      ], 
      "type": 10, 
      "name": "Peas"
    }
  }, 
  {
    "pk": 58, 
    "model": "f3_final.food", 
    "fields": {
      "months": [
        8, 
        9, 
        10
      ], 
      "type": 10, 
      "name": "Peppers"
    }
  }, 
  {
    "pk": 59, 
    "model": "f3_final.food", 
    "fields": {
      "months": [
        1, 
        2, 
        3, 
        4, 
        5, 
        6, 
        7, 
        8, 
        9, 
        10, 
        11, 
        12
      ], 
      "type": 10, 
      "name": "Potatoes"
    }
  }, 
  {
    "pk": 60, 
    "model": "f3_final.food", 
    "fields": {
      "months": [
        9, 
        10, 
        11
      ], 
      "type": 10, 
      "name": "Pumpkins"
    }
  }, 
  {
    "pk": 61, 
    "model": "f3_final.food", 
    "fields": {
      "months": [
        4, 
        5, 
        6, 
        7, 
        8, 
        9, 
        10
      ], 
      "type": 10, 
      "name": "Radishes"
    }
  }, 
  {
    "pk": 62, 
    "model": "f3_final.food", 
    "fields": {
      "months": [
        8, 
        9, 
        10
      ], 
      "type": 10, 
      "name": "Rutabegas"
    }
  }, 
  {
    "pk": 63, 
    "model": "f3_final.food", 
    "fields": {
      "months": [
        1, 
        2, 
        3, 
        4, 
        5, 
        6, 
        7, 
        8, 
        9, 
        10, 
        11, 
        12
      ], 
      "type": 10, 
      "name": "Salad greens"
    }
  }, 
  {
    "pk": 64, 
    "model": "f3_final.food", 
    "fields": {
      "months": [
        8, 
        9, 
        10, 
        11
      ], 
      "type": 10, 
      "name": "Shallots"
    }
  }, 
  {
    "pk": 65, 
    "model": "f3_final.food", 
    "fields": {
      "months": [
        1, 
        2, 
        3, 
        4, 
        5, 
        6, 
        7, 
        8, 
        9, 
        10, 
        11, 
        12
      ], 
      "type": 10, 
      "name": "Spinach"
    }
  }, 
  {
    "pk": 66, 
    "model": "f3_final.food", 
    "fields": {
      "months": [
        6, 
        7, 
        8, 
        9, 
        10
      ], 
      "type": 10, 
      "name": "Tomatillos"
    }
  }, 
  {
    "pk": 67, 
    "model": "f3_final.food", 
    "fields": {
      "months": [
        7, 
        8, 
        9, 
        10
      ], 
      "type": 10, 
      "name": "Tomatoes"
    }
  }, 
  {
    "pk": 68, 
    "model": "f3_final.food", 
    "fields": {
      "months": [
        7, 
        8, 
        9, 
        10, 
        11, 
        12
      ], 
      "type": 10, 
      "name": "Turnips"
    }
  }, 
  {
    "pk": 69, 
    "model": "f3_final.food", 
    "fields": {
      "months": [
        1, 
        9, 
        10, 
        11, 
        12
      ], 
      "type": 10, 
      "name": "Winter squash"
    }
  }, 
  {
    "pk": 70, 
    "model": "f3_final.food", 
    "fields": {
      "months": [
        7, 
        8, 
        9, 
        10
      ], 
      "type": 10, 
      "name": "Zucchini & summer squash"
    }
  },
  {
    "pk": 1, 
    "model": "f3_final.farm", 
    "fields": {
      "phone_number": "360.384.1260", 
      "website": "", 
      "name": "Barbie's Berries", 
      "confirmed_foods": [], 
      "service_offerings": [
        1, 
        5
      ], 
      "hours_of_operation": "", 
      "longitude": null, 
      "seasonal_operation": "", 
      "payment_methods": [], 
      "address": "7655 Melody Lane\nFerndale", 
      "latitude": null, 
      "sustainability_indicators": [], 
      "contact_person": "Randy & Barb Kraght", 
      "email_address": "", 
      "categories": [], 
      "description": ""
    }
  }, 
  {
    "pk": 2, 
    "model": "f3_final.farm", 
    "fields": {
      "phone_number": "360.966.3919", 
      "website": "", 
      "name": "Stoney Ridge Farm", 
      "confirmed_foods": [], 
      "service_offerings": [
        1, 
        5
      ], 
      "hours_of_operation": "", 
      "longitude": null, 
      "seasonal_operation": "", 
      "payment_methods": [], 
      "address": "2092 Van Dyk Road\nEverson", 
      "latitude": null, 
      "sustainability_indicators": [], 
      "contact_person": "Derek & Debi Gavette", 
      "email_address": "", 
      "categories": [], 
      "description": ""
    }
  }, 
  {
    "pk": 3, 
    "model": "f3_final.farm", 
    "fields": {
      "phone_number": "360.961.1373", 
      "website": "http://www.devinegardens.com", 
      "name": "DEVine Gardens", 
      "confirmed_foods": [], 
      "service_offerings": [
        1, 
        7, 
        8, 
        9
      ], 
      "hours_of_operation": "", 
      "longitude": null, 
      "seasonal_operation": "", 
      "payment_methods": [], 
      "address": "7916 Stein Rd\nCuster", 
      "latitude": null, 
      "sustainability_indicators": [], 
      "contact_person": "Kirk & Jerilyn Hayes", 
      "email_address": "", 
      "categories": [], 
      "description": ""
    }
  }, 
  {
    "pk": 4, 
    "model": "f3_final.farm", 
    "fields": {
      "phone_number": "360.510.7600", 
      "website": "http://www.alchemistseafoods.com", 
      "name": "F/V Alchemist", 
      "confirmed_foods": [], 
      "service_offerings": [
        8
      ], 
      "hours_of_operation": "", 
      "longitude": null, 
      "seasonal_operation": "", 
      "payment_methods": [], 
      "address": "2136 James Street\nBellingham", 
      "latitude": null, 
      "sustainability_indicators": [], 
      "contact_person": "Dave Mann", 
      "email_address": "", 
      "categories": [], 
      "description": ""
    }
  }, 
  {
    "pk": 5, 
    "model": "f3_final.farm", 
    "fields": {
      "phone_number": "360.312.1464", 
      "website": "http://www.twistedbison.com", 
      "name": "Twisted S Ranch", 
      "confirmed_foods": [], 
      "service_offerings": [
        1
      ], 
      "hours_of_operation": "", 
      "longitude": null, 
      "seasonal_operation": "", 
      "payment_methods": [], 
      "address": "2530 Douglas Road\nFerndale", 
      "latitude": null, 
      "sustainability_indicators": [], 
      "contact_person": "Jim & Robin Sanford", 
      "email_address": "", 
      "categories": [], 
      "description": ""
    }
  }, 
  {
    "pk": 6, 
    "model": "f3_final.farm", 
    "fields": {
      "phone_number": "360.920.8088", 
      "website": "http://www.sunseedfarm.com", 
      "name": "Sunseed Farm", 
      "confirmed_foods": [], 
      "service_offerings": [
        2, 
        5, 
        9
      ], 
      "hours_of_operation": "", 
      "longitude": null, 
      "seasonal_operation": "", 
      "payment_methods": [], 
      "address": "Saxon Road\nAcme", 
      "latitude": null, 
      "sustainability_indicators": [], 
      "contact_person": "Nick Guilford", 
      "email_address": "", 
      "categories": [], 
      "description": ""
    }
  }, 
  {
    "pk": 7, 
    "model": "f3_final.farm", 
    "fields": {
      "phone_number": "360.384.0915", 
      "website": "", 
      "name": "Apple Creek Orchard", 
      "confirmed_foods": [15, 22, 67, 69, 70, 12, 60], 
      "service_offerings": [1, 5], 
      "hours_of_operation": "", 
      "longitude": null, 
      "seasonal_operation": "", 
      "payment_methods": [], 
      "address": "5367 Barr Road\nFerndale", 
      "latitude": null, 
      "sustainability_indicators": [1], 
      "contact_person": "Richard & Nancy Fraunfelder", 
      "email_address": "", 
      "categories": [], 
      "description": ""
    }
  }, 
  {
    "pk": 8, 
    "model": "f3_final.farm", 
    "fields": {
      "phone_number": "360.201.0468", 
      "website": "", 
      "name": "Uprising Organics", 
      "confirmed_foods": [], 
      "service_offerings": [
        2, 
        7, 
        9
      ], 
      "hours_of_operation": "", 
      "longitude": null, 
      "seasonal_operation": "", 
      "payment_methods": [], 
      "address": "", 
      "latitude": null, 
      "sustainability_indicators": [], 
      "contact_person": "Brian Campbell & Crystine Goldberg", 
      "email_address": "", 
      "categories": [], 
      "description": ""
    }
  }, 
  {
    "pk": 9, 
    "model": "f3_final.farm", 
    "fields": {
      "phone_number": "360.303.1391", 
      "website": "http://www.doublerainbowfarms.com", 
      "name": "Double Rainbow Farms", 
      "confirmed_foods": [], 
      "service_offerings": [
        2, 
        7, 
        8, 
        9
      ], 
      "hours_of_operation": "", 
      "longitude": null, 
      "seasonal_operation": "", 
      "payment_methods": [], 
      "address": "(mailing) 3225 Bennet Drive\nBellingham", 
      "latitude": null, 
      "sustainability_indicators": [], 
      "contact_person": "David Peterson", 
      "email_address": "", 
      "categories": [], 
      "description": ""
    }
  }, 
  {
    "pk": 10, 
    "model": "f3_final.farm", 
    "fields": {
      "phone_number": "360.354.5981, 360.815.7321", 
      "website": "", 
      "name": "Shumway's Berries", 
      "confirmed_foods": [], 
      "service_offerings": [
        1, 
        2, 
        5, 
        8
      ], 
      "hours_of_operation": "", 
      "longitude": null, 
      "seasonal_operation": "", 
      "payment_methods": [], 
      "address": "3957 Mt Baker Highway\nEverson", 
      "latitude": null, 
      "sustainability_indicators": [], 
      "contact_person": "Ladd & Paige Shumway", 
      "email_address": "", 
      "categories": [], 
      "description": ""
    }
  }, 
  {
    "pk": 11, 
    "model": "f3_final.farm", 
    "fields": {
      "phone_number": "360.671.7639", 
      "website": "", 
      "name": "Joe's Garden", 
      "confirmed_foods": [], 
      "service_offerings": [
        1, 
        9
      ], 
      "hours_of_operation": "", 
      "longitude": null, 
      "seasonal_operation": "", 
      "payment_methods": [], 
      "address": "3110 Taylor Avenue\nBellingham", 
      "latitude": null, 
      "sustainability_indicators": [], 
      "contact_person": "\"Carl, Karol & Jason Weston\"", 
      "email_address": "", 
      "categories": [], 
      "description": ""
    }
  }, 
  {
    "pk": 12, 
    "model": "f3_final.farm", 
    "fields": {
      "phone_number": "360.676.0691", 
      "website": "", 
      "name": "Forest Garden", 
      "confirmed_foods": [], 
      "service_offerings": [
        1, 
        2, 
        5, 
        8
      ], 
      "hours_of_operation": "", 
      "longitude": null, 
      "seasonal_operation": "", 
      "payment_methods": [], 
      "address": "905 E Victor Street\nBellingham", 
      "latitude": null, 
      "sustainability_indicators": [], 
      "contact_person": "Allain Van Laanen", 
      "email_address": "", 
      "categories": [], 
      "description": ""
    }
  }, 
  {
    "pk": 13, 
    "model": "f3_final.farm", 
    "fields": {
      "phone_number": "", 
      "website": "", 
      "name": "Sm'Apples", 
      "confirmed_foods": [], 
      "service_offerings": [
        5, 
        9
      ], 
      "hours_of_operation": "", 
      "longitude": null, 
      "seasonal_operation": "", 
      "payment_methods": [], 
      "address": "1197 Willeys Lake Road\nFerndale", 
      "latitude": null, 
      "sustainability_indicators": [], 
      "contact_person": "Duane & Doris Smith", 
      "email_address": "", 
      "categories": [], 
      "description": ""
    }
  }, 
  {
    "pk": 14, 
    "model": "f3_final.farm", 
    "fields": {
      "phone_number": "360.927.8433", 
      "website": "", 
      "name": "Hopewell Farm", 
      "confirmed_foods": [], 
      "service_offerings": [
        1, 
        2, 
        8, 
        9
      ], 
      "hours_of_operation": "", 
      "longitude": null, 
      "seasonal_operation": "", 
      "payment_methods": [], 
      "address": "7433 Nooksack Road\nEverson", 
      "latitude": null, 
      "sustainability_indicators": [], 
      "contact_person": "Pete & Dorene Dykstra", 
      "email_address": "", 
      "categories": [], 
      "description": ""
    }
  }, 
  {
    "pk": 15, 
    "model": "f3_final.farm", 
    "fields": {
      "phone_number": "360.815.2856", 
      "website": "", 
      "name": "Jackson's Blueberry Farm", 
      "confirmed_foods": [], 
      "service_offerings": [
        1, 
        5
      ], 
      "hours_of_operation": "", 
      "longitude": null, 
      "seasonal_operation": "", 
      "payment_methods": [], 
      "address": "3171 Hopewell Road\nEverson", 
      "latitude": null, 
      "sustainability_indicators": [], 
      "contact_person": "B. C. Jackson", 
      "email_address": "", 
      "categories": [], 
      "description": ""
    }
  }, 
  {
    "pk": 16, 
    "model": "f3_final.farm", 
    "fields": {
      "phone_number": "360.398.1665", 
      "website": "", 
      "name": "Together Gardens, Inc.", 
      "confirmed_foods": [], 
      "service_offerings": [
        1, 
        5, 
        8
      ], 
      "hours_of_operation": "", 
      "longitude": null, 
      "seasonal_operation": "", 
      "payment_methods": [], 
      "address": "500 E. Pole Road\nLynden", 
      "latitude": null, 
      "sustainability_indicators": [], 
      "contact_person": "Patricia Bruner & Bob Castaneda", 
      "email_address": "", 
      "categories": [], 
      "description": ""
    }
  }, 
  {
    "pk": 17, 
    "model": "f3_final.farm", 
    "fields": {
      "phone_number": "360.758.2378", 
      "website": "", 
      "name": "SugChee Smoked Salmon", 
      "confirmed_foods": [], 
      "service_offerings": [
        1
      ], 
      "hours_of_operation": "", 
      "longitude": null, 
      "seasonal_operation": "", 
      "payment_methods": [], 
      "address": "2707 Lummi Shore Road\nLummi Island", 
      "latitude": null, 
      "sustainability_indicators": [], 
      "contact_person": "Lynne Lane", 
      "email_address": "", 
      "categories": [], 
      "description": ""
    }
  }, 
  {
    "pk": 18, 
    "model": "f3_final.farm", 
    "fields": {
      "phone_number": "360.398.9187", 
      "website": "http://www.bellewoodapples.com", 
      "name": "BelleWood Acres", 
      "confirmed_foods": [14, 22, 60, 55], 
      "service_offerings": [
        1, 
        2, 
        9
      ], 
      "hours_of_operation": "", 
      "longitude": null, 
      "seasonal_operation": "", 
      "payment_methods": [], 
      "address": "231 Ten Mile Road\nLynden", 
      "latitude": null, 
      "sustainability_indicators": [], 
      "contact_person": "John & Dorie Belisle", 
      "email_address": "", 
      "categories": [], 
      "description": ""
    }
  }, 
  {
    "pk": 19, 
    "model": "f3_final.farm", 
    "fields": {
      "phone_number": "360.815.1190", 
      "website": "", 
      "name": "Wake Robin Farm", 
      "confirmed_foods": [], 
      "service_offerings": [
        7, 
        8, 
        9
      ], 
      "hours_of_operation": "", 
      "longitude": null, 
      "seasonal_operation": "", 
      "payment_methods": [], 
      "address": "2660 Thornton Road\nFerndale", 
      "latitude": null, 
      "sustainability_indicators": [], 
      "contact_person": "Briggit LeClair", 
      "email_address": "", 
      "categories": [], 
      "description": ""
    }
  }, 
  {
    "pk": 20, 
    "model": "f3_final.farm", 
    "fields": {
      "phone_number": "360.676.9258", 
      "website": "", 
      "name": "Captain Crab", 
      "confirmed_foods": [], 
      "service_offerings": [
        11
      ], 
      "hours_of_operation": "", 
      "longitude": null, 
      "seasonal_operation": "", 
      "payment_methods": [], 
      "address": "\"Squalicum Harbor Gate 7, \"\"F/V Flying F\"\"\"\nBellingham", 
      "latitude": null, 
      "sustainability_indicators": [], 
      "contact_person": "LeRoy Freeman", 
      "email_address": "", 
      "categories": [], 
      "description": ""
    }
  }, 
  {
    "pk": 21, 
    "model": "f3_final.farm", 
    "fields": {
      "phone_number": "360.384.4996", 
      "website": "http://www.appel-farms.com", 
      "name": "Appel Farms", 
      "confirmed_foods": [], 
      "service_offerings": [
        1, 
        2
      ], 
      "hours_of_operation": "", 
      "longitude": null, 
      "seasonal_operation": "", 
      "payment_methods": [], 
      "address": "6605 Northwest Road\nFerndale", 
      "latitude": null, 
      "sustainability_indicators": [], 
      "contact_person": "John & Ruth Appel, Rich & Ann Appel", 
      "email_address": "", 
      "categories": [], 
      "description": ""
    }
  }, 
  {
    "pk": 22, 
    "model": "f3_final.farm", 
    "fields": {
      "phone_number": "360.988.5805", 
      "website": "", 
      "name": "Third Thyme Farm", 
      "confirmed_foods": [], 
      "service_offerings": [
        1, 
        8
      ], 
      "hours_of_operation": "", 
      "longitude": null, 
      "seasonal_operation": "", 
      "payment_methods": [], 
      "address": "9231 Kendall Road\nSumas", 
      "latitude": null, 
      "sustainability_indicators": [], 
      "contact_person": "Les & Ginny Wagner", 
      "email_address": "", 
      "categories": [], 
      "description": ""
    }
  }, 
  {
    "pk": 23, 
    "model": "f3_final.farm", 
    "fields": {
      "phone_number": "360.592.5594", 
      "website": "", 
      "name": "Cedarville Farm", 
      "confirmed_foods": [], 
      "service_offerings": [
        2, 
        7
      ], 
      "hours_of_operation": "", 
      "longitude": null, 
      "seasonal_operation": "", 
      "payment_methods": [], 
      "address": "3081 Goshen Road\nBellingham", 
      "latitude": null, 
      "sustainability_indicators": [], 
      "contact_person": "Mike & Kim Finger", 
      "email_address": "", 
      "categories": [], 
      "description": ""
    }
  }, 
  {
    "pk": 24, 
    "model": "f3_final.farm", 
    "fields": {
      "phone_number": "360.966.4157", 
      "website": "http://www.almhillgardens.com", 
      "name": "Alm Hill Gardens", 
      "confirmed_foods": [], 
      "service_offerings": [
        2, 
        8, 
        9
      ], 
      "hours_of_operation": "", 
      "longitude": null, 
      "seasonal_operation": "", 
      "payment_methods": [], 
      "address": "3550 Alm Road\nEverson", 
      "latitude": null, 
      "sustainability_indicators": [1, 5, 6], 
      "contact_person": "Gretchen Hoyt & Ben Craft", 
      "email_address": "", 
      "categories": [], 
      "description": ""
    }
  }, 
  {
    "pk": 25, 
    "model": "f3_final.farm", 
    "fields": {
      "phone_number": "360.676.0605", 
      "website": "http://www.desirefish.com", 
      "name": "Desire Fish Company", 
      "confirmed_foods": [], 
      "service_offerings": [
        11
      ], 
      "hours_of_operation": "", 
      "longitude": null, 
      "seasonal_operation": "", 
      "payment_methods": [], 
      "address": "\"Squalicum Harbor Gate 7, \"\"F/V Desire\"\"\"\nBellingham", 
      "latitude": null, 
      "sustainability_indicators": [], 
      "contact_person": "Bob Gudmundson & Melinda Sweet", 
      "email_address": "", 
      "categories": [], 
      "description": ""
    }
  }, 
  {
    "pk": 26, 
    "model": "f3_final.farm", 
    "fields": {
      "phone_number": "360.354.4764", 
      "website": "", 
      "name": "Haugen's Raspberries", 
      "confirmed_foods": [], 
      "service_offerings": [
        1, 
        5, 
        8
      ], 
      "hours_of_operation": "", 
      "longitude": null, 
      "seasonal_operation": "", 
      "payment_methods": [], 
      "address": "577 E. Pole Road\nLynden", 
      "latitude": null, 
      "sustainability_indicators": [], 
      "contact_person": "Rolf & Linda Haugen", 
      "email_address": "", 
      "categories": [], 
      "description": ""
    }
  }, 
  {
    "pk": 27, 
    "model": "f3_final.farm", 
    "fields": {
      "phone_number": "360.384.9135", 
      "website": "", 
      "name": "Drayton Harbor Community Oyster Farm", 
      "confirmed_foods": [], 
      "service_offerings": [
        9, 
        11
      ], 
      "hours_of_operation": "", 
      "longitude": null, 
      "seasonal_operation": "", 
      "payment_methods": [], 
      "address": "(mailing) 988 West Laurel Rd\nFerndale", 
      "latitude": null, 
      "sustainability_indicators": [], 
      "contact_person": "Geoff Menzies", 
      "email_address": "", 
      "categories": [], 
      "description": ""
    }
  }, 
  {
    "pk": 28, 
    "model": "f3_final.farm", 
    "fields": {
      "phone_number": "360.966.5859", 
      "website": "http://www.cloudmountainfarm.com", 
      "name": "Cloud Mountain Farm", 
      "confirmed_foods": [], 
      "service_offerings": [
        1, 
        2
      ], 
      "hours_of_operation": "", 
      "longitude": null, 
      "seasonal_operation": "", 
      "payment_methods": [], 
      "address": "6906 Goodwin Road\nEverson", 
      "latitude": null, 
      "sustainability_indicators": [], 
      "contact_person": "Tom & Cheryl Thornton", 
      "email_address": "", 
      "categories": [], 
      "description": ""
    }
  }, 
  {
    "pk": 29, 
    "model": "f3_final.farm", 
    "fields": {
      "phone_number": "360.384.5967", 
      "website": "", 
      "name": "Hauck's Orchard & Produce", 
      "confirmed_foods": [], 
      "service_offerings": [
        2, 
        5, 
        8, 
        9
      ], 
      "hours_of_operation": "", 
      "longitude": null, 
      "seasonal_operation": "", 
      "payment_methods": [], 
      "address": "1920 Harksell Road\nFerndale", 
      "latitude": null, 
      "sustainability_indicators": [], 
      "contact_person": "William & Helen Hauck", 
      "email_address": "", 
      "categories": [], 
      "description": ""
    }
  }, 
  {
    "pk": 30, 
    "model": "f3_final.farm", 
    "fields": {
      "phone_number": "360.220.0976, 360.671.4510", 
      "website": "", 
      "name": "Mad Jax's Seafood", 
      "confirmed_foods": [], 
      "service_offerings": [
        11
      ], 
      "hours_of_operation": "", 
      "longitude": null, 
      "seasonal_operation": "", 
      "payment_methods": [], 
      "address": "\"Squalicum Harbor Gate 7, \"\"F/V Bear Paw\"\"\"\nBellingham", 
      "latitude": null, 
      "sustainability_indicators": [], 
      "contact_person": "Andy & Sandy Fisk", 
      "email_address": "", 
      "categories": [], 
      "description": ""
    }
  }, 
  {
    "pk": 31, 
    "model": "f3_final.farm", 
    "fields": {
      "phone_number": "360.312.0399", 
      "website": "", 
      "name": "Grumpy Dan's Seafood", 
      "confirmed_foods": [], 
      "service_offerings": [
        11
      ], 
      "hours_of_operation": "", 
      "longitude": null, 
      "seasonal_operation": "", 
      "payment_methods": [], 
      "address": "(mailing) 5936 Laurel Shaw Court\nFerndale", 
      "latitude": null, 
      "sustainability_indicators": [], 
      "contact_person": "Mark & Jana Silva", 
      "email_address": "", 
      "categories": [], 
      "description": ""
    }
  }, 
  {
    "pk": 32, 
    "model": "f3_final.farm", 
    "fields": {
      "phone_number": "360.332.8350", 
      "website": "", 
      "name": "Tom's Bamboo", 
      "confirmed_foods": [], 
      "service_offerings": [
        1, 
        2
      ], 
      "hours_of_operation": "", 
      "longitude": null, 
      "seasonal_operation": "", 
      "payment_methods": [], 
      "address": "1346 Blaine Ave\nBlaine", 
      "latitude": null, 
      "sustainability_indicators": [], 
      "contact_person": "Tom Burton", 
      "email_address": "", 
      "categories": [], 
      "description": ""
    }
  }, 
  {
    "pk": 33, 
    "model": "f3_final.farm", 
    "fields": {
      "phone_number": "360.224.2693", 
      "website": "", 
      "name": "Bucking Lamb Palace", 
      "confirmed_foods": [], 
      "service_offerings": [
        8
      ], 
      "hours_of_operation": "", 
      "longitude": null, 
      "seasonal_operation": "", 
      "payment_methods": [], 
      "address": "3635 Y Road\nBellingham", 
      "latitude": null, 
      "sustainability_indicators": [], 
      "contact_person": "Tracy Westbury", 
      "email_address": "", 
      "categories": [], 
      "description": ""
    }
  }, 
  {
    "pk": 34, 
    "model": "f3_final.farm", 
    "fields": {
      "phone_number": "360.393.7057", 
      "website": "http://www.redbarnlavender.com", 
      "name": "Red Barn Lavender", 
      "confirmed_foods": [], 
      "service_offerings": [
        1, 
        2, 
        5
      ], 
      "hours_of_operation": "", 
      "longitude": null, 
      "seasonal_operation": "", 
      "payment_methods": [], 
      "address": "3106 Thornton Road\nFerndale", 
      "latitude": null, 
      "sustainability_indicators": [], 
      "contact_person": "Marv & Lynn Fast", 
      "email_address": "", 
      "categories": [], 
      "description": ""
    }
  }, 
  {
    "pk": 35, 
    "model": "f3_final.farm", 
    "fields": {
      "phone_number": "360.758.7173", 
      "website": "http://www.fullbloomfarmpeonies.com", 
      "name": "Full Bloom Farm", 
      "confirmed_foods": [], 
      "service_offerings": [
        1, 
        2, 
        5, 
        8
      ], 
      "hours_of_operation": "", 
      "longitude": null, 
      "seasonal_operation": "", 
      "payment_methods": [], 
      "address": "2330 Tuttle Lane\nLummi Island", 
      "latitude": null, 
      "sustainability_indicators": [], 
      "contact_person": "Elizabeth & Mark Marshall", 
      "email_address": "", 
      "categories": [], 
      "description": ""
    }
  }, 
  {
    "pk": 36, 
    "model": "f3_final.farm", 
    "fields": {
      "phone_number": "360.766.6707", 
      "website": "http://www.samishbaycheese.com", 
      "name": "Samish Bay Cheese", 
      "confirmed_foods": [], 
      "service_offerings": [
        1, 
        2
      ], 
      "hours_of_operation": "", 
      "longitude": null, 
      "seasonal_operation": "", 
      "payment_methods": [], 
      "address": "15115 Bow Hill Road\nBow", 
      "latitude": null, 
      "sustainability_indicators": [], 
      "contact_person": "Suzanne & Roger Wechsler", 
      "email_address": "", 
      "categories": [], 
      "description": ""
    }
  }, 
  {
    "pk": 37, 
    "model": "f3_final.farm", 
    "fields": {
      "phone_number": "360.592.5106", 
      "website": "", 
      "name": "Cleaarian Berry Farm", 
      "confirmed_foods": [], 
      "service_offerings": [
        1, 
        2, 
        5, 
        8
      ], 
      "hours_of_operation": "", 
      "longitude": null, 
      "seasonal_operation": "", 
      "payment_methods": [], 
      "address": "5455 Allison Road\nBellingham", 
      "latitude": null, 
      "sustainability_indicators": [], 
      "contact_person": "Carol Allison", 
      "email_address": "", 
      "categories": [], 
      "description": ""
    }
  }, 
  {
    "pk": 38, 
    "model": "f3_final.farm", 
    "fields": {
      "phone_number": "360.366.5398", 
      "website": "", 
      "name": "Pleasant Valley Dairy", 
      "confirmed_foods": [], 
      "service_offerings": [
        1, 
        9
      ], 
      "hours_of_operation": "", 
      "longitude": null, 
      "seasonal_operation": "", 
      "payment_methods": [], 
      "address": "6804 Kickerville Road\nFerndale", 
      "latitude": null, 
      "sustainability_indicators": [], 
      "contact_person": "", 
      "email_address": "", 
      "categories": [], 
      "description": ""
    }
  }, 
  {
    "pk": 39, 
    "model": "f3_final.farm", 
    "fields": {
      "phone_number": "360.927.9736", 
      "website": "", 
      "name": "Sumas River Farm", 
      "confirmed_foods": [], 
      "service_offerings": [
        1, 
        7
      ], 
      "hours_of_operation": "", 
      "longitude": null, 
      "seasonal_operation": "", 
      "payment_methods": [], 
      "address": "4289 Rock Road\nSumas", 
      "latitude": null, 
      "sustainability_indicators": [], 
      "contact_person": "Helen Solem", 
      "email_address": "", 
      "categories": [], 
      "description": ""
    }
  }, 
  {
    "pk": 40, 
    "model": "f3_final.farm", 
    "fields": {
      "phone_number": "360.758.2919", 
      "website": "", 
      "name": "K&M Red River Farm", 
      "confirmed_foods": [], 
      "service_offerings": [
        1, 
        2, 
        7, 
        8, 
        9
      ], 
      "hours_of_operation": "", 
      "longitude": null, 
      "seasonal_operation": "", 
      "payment_methods": [], 
      "address": "1322 Railroad Avenue\nBellingham", 
      "latitude": null, 
      "sustainability_indicators": [], 
      "contact_person": "Mike Neuroth", 
      "email_address": "", 
      "categories": [], 
      "description": ""
    }
  }, 
  {
    "pk": 41, 
    "model": "f3_final.farm", 
    "fields": {
      "phone_number": "360.595.0155", 
      "website": "", 
      "name": "Moondance Farm", 
      "confirmed_foods": [], 
      "service_offerings": [
        7, 
        8, 
        9
      ], 
      "hours_of_operation": "", 
      "longitude": null, 
      "seasonal_operation": "", 
      "payment_methods": [], 
      "address": "460 Innis Creek Road\nAcme", 
      "latitude": null, 
      "sustainability_indicators": [], 
      "contact_person": "Billy Tate & Nicole Brown", 
      "email_address": "", 
      "categories": [], 
      "description": ""
    }
  }, 
  {
    "pk": 42, 
    "model": "f3_final.farm", 
    "fields": {
      "phone_number": "360.312.0335", 
      "website": "", 
      "name": "F. A. Farm", 
      "confirmed_foods": [], 
      "service_offerings": [
        1, 
        2, 
        7, 
        9
      ], 
      "hours_of_operation": "", 
      "longitude": null, 
      "seasonal_operation": "", 
      "payment_methods": [], 
      "address": "5890 Barr Road\nFerndale", 
      "latitude": null, 
      "sustainability_indicators": [], 
      "contact_person": "Walter Haugen", 
      "email_address": "", 
      "categories": [], 
      "description": ""
    }
  }, 
  {
    "pk": 43, 
    "model": "f3_final.farm", 
    "fields": {
      "phone_number": "360.826.3046", 
      "website": "", 
      "name": "Jericho Farm", 
      "confirmed_foods": [], 
      "service_offerings": [
        2, 
        7, 
        8
      ], 
      "hours_of_operation": "", 
      "longitude": null, 
      "seasonal_operation": "", 
      "payment_methods": [], 
      "address": "7606 NE Cape Horn Road\nConcrete", 
      "latitude": null, 
      "sustainability_indicators": [], 
      "contact_person": "Rebecca Morse & Andrew Cambo", 
      "email_address": "", 
      "categories": [], 
      "description": ""
    }
  }, 
  {
    "pk": 44, 
    "model": "f3_final.farm", 
    "fields": {
      "phone_number": "360.966.7788", 
      "website": "http://www.samsonestates.com", 
      "name": "Samson Estates Winery, LLC", 
      "confirmed_foods": [], 
      "service_offerings": [
        1, 
        8
      ], 
      "hours_of_operation": "", 
      "longitude": null, 
      "seasonal_operation": "", 
      "payment_methods": [], 
      "address": "1861 Van Dyk Road\nEverson", 
      "latitude": null, 
      "sustainability_indicators": [], 
      "contact_person": "Rob & Dhar Dhaliwal", 
      "email_address": "", 
      "categories": [], 
      "description": ""
    }
  }, 
  {
    "pk": 45, 
    "model": "f3_final.farm", 
    "fields": {
      "phone_number": "360.595.9134", 
      "website": "", 
      "name": "Osprey Hill Farm", 
      "confirmed_foods": [], 
      "service_offerings": [
        2
      ], 
      "hours_of_operation": "", 
      "longitude": null, 
      "seasonal_operation": "", 
      "payment_methods": [], 
      "address": "5800 Saxon Road\nAcme", 
      "latitude": null, 
      "sustainability_indicators": [], 
      "contact_person": "Geoff & Anna Martin", 
      "email_address": "", 
      "categories": [], 
      "description": ""
    }
  }, 
  {
    "pk": 46, 
    "model": "f3_final.farm", 
    "fields": {
      "phone_number": "360.592.5903", 
      "website": "", 
      "name": "Williams Farms", 
      "confirmed_foods": [], 
      "service_offerings": [
        1, 
        8
      ], 
      "hours_of_operation": "", 
      "longitude": null, 
      "seasonal_operation": "", 
      "payment_methods": [], 
      "address": "4405 Deming Road\nEverson", 
      "latitude": null, 
      "sustainability_indicators": [], 
      "contact_person": "Harry Williams", 
      "email_address": "", 
      "categories": [], 
      "description": ""
    }
  }, 
  {
    "pk": 47, 
    "model": "f3_final.farm", 
    "fields": {
      "phone_number": "360.354.5936", 
      "website": "http://www.mcphailberries.com", 
      "name": "McPhail Berry Farm", 
      "confirmed_foods": [], 
      "service_offerings": [
        1, 
        2, 
        5, 
        8, 
        9
      ], 
      "hours_of_operation": "", 
      "longitude": null, 
      "seasonal_operation": "", 
      "payment_methods": [], 
      "address": "8318 Bob Hall Road\nLynden", 
      "latitude": null, 
      "sustainability_indicators": [], 
      "contact_person": "Todd & Trisha McPhail", 
      "email_address": "", 
      "categories": [], 
      "description": ""
    }
  }, 
  {
    "pk": 48, 
    "model": "f3_final.farm", 
    "fields": {
      "phone_number": "360.319.3899", 
      "website": "", 
      "name": "Keith Johnson Fish", 
      "confirmed_foods": [], 
      "service_offerings": [
        11
      ], 
      "hours_of_operation": "", 
      "longitude": null, 
      "seasonal_operation": "", 
      "payment_methods": [], 
      "address": "\"Squalicum Harbor Gate 7, \"\"F/V Golden North\"\"\"\nBellingham", 
      "latitude": null, 
      "sustainability_indicators": [], 
      "contact_person": "Keith Johnson", 
      "email_address": "", 
      "categories": [], 
      "description": ""
    }
  }, 
  {
    "pk": 49, 
    "model": "f3_final.farm", 
    "fields": {
      "phone_number": "360.380.2699", 
      "website": "http://www.boxxberryfarm.com", 
      "name": "Boxx Berry Farm", 
      "confirmed_foods": [9, 8, 2, 13, 46, 60], 
      "service_offerings": [1, 5, 6], 
      "hours_of_operation": "", 
      "longitude": null, 
      "seasonal_operation": "", 
      "payment_methods": [], 
      "address": "6211 Northwest Road\nFerndale", 
      "latitude": null, 
      "sustainability_indicators": [1], 
      "contact_person": "Mike & Roger Boxx", 
      "email_address": "", 
      "categories": [], 
      "description": ""
    }
  }, 
  {
    "pk": 50, 
    "model": "f3_final.farm", 
    "fields": {
      "phone_number": "360.354.4504", 
      "website": "http://www.curtmaberryfarm.com", 
      "name": "Curt Maberry Farm, Inc.", 
      "confirmed_foods": [], 
      "service_offerings": [
        1
      ], 
      "hours_of_operation": "", 
      "longitude": null, 
      "seasonal_operation": "", 
      "payment_methods": [], 
      "address": "729 Loomis Trail Road\nLynden", 
      "latitude": null, 
      "sustainability_indicators": [], 
      "contact_person": "Curt Maberry", 
      "email_address": "", 
      "categories": [], 
      "description": ""
    }
  }, 
  {
    "pk": 51, 
    "model": "f3_final.farm", 
    "fields": {
      "phone_number": "360.366.9925", 
      "website": "", 
      "name": "Kibbe Acres", 
      "confirmed_foods": [], 
      "service_offerings": [
        1, 
        8
      ], 
      "hours_of_operation": "", 
      "longitude": null, 
      "seasonal_operation": "", 
      "payment_methods": [], 
      "address": "3770 Alder Grove Road\nFerndale", 
      "latitude": null, 
      "sustainability_indicators": [], 
      "contact_person": "Joe & Kathy Hopkins", 
      "email_address": "", 
      "categories": [], 
      "description": ""
    }
  }, 
  {
    "pk": 52, 
    "model": "f3_final.farm", 
    "fields": {
      "phone_number": "360.966.4939", 
      "website": "", 
      "name": "Holistic Homestead", 
      "confirmed_foods": [], 
      "service_offerings": [
        2, 
        7, 
        8, 
        9
      ], 
      "hours_of_operation": "", 
      "longitude": null, 
      "seasonal_operation": "", 
      "payment_methods": [], 
      "address": "(mailing) PO Box 125\nEverson", 
      "latitude": null, 
      "sustainability_indicators": [], 
      "contact_person": "Gretchen Norman", 
      "email_address": "", 
      "categories": [], 
      "description": ""
    }
  }, 
  {
    "pk": 53, 
    "model": "f3_final.farm", 
    "fields": {
      "phone_number": "360.223.3724, 360.592.5987", 
      "website": "http://bellinghamcountrygardens.com", 
      "name": "Bellingham Country Gardens", 
      "confirmed_foods": [], 
      "service_offerings": [
        5, 
        7
      ], 
      "hours_of_operation": "", 
      "longitude": null, 
      "seasonal_operation": "", 
      "payment_methods": [], 
      "address": "2838 Kelly Road\nBellingham", 
      "latitude": null, 
      "sustainability_indicators": [], 
      "contact_person": "The Grubbs Family", 
      "email_address": "", 
      "categories": [], 
      "description": ""
    }
  }, 
  {
    "pk": 54, 
    "model": "f3_final.farm", 
    "fields": {
      "phone_number": "360.354.3583", 
      "website": "", 
      "name": "Smit's Compost", 
      "confirmed_foods": [], 
      "service_offerings": [
        1, 
        8
      ], 
      "hours_of_operation": "", 
      "longitude": null, 
      "seasonal_operation": "", 
      "payment_methods": [], 
      "address": "9039 Guide Meridian Road\nLynden", 
      "latitude": null, 
      "sustainability_indicators": [], 
      "contact_person": "\"Robert, Debbie & Nathan Smit\"", 
      "email_address": "", 
      "categories": [], 
      "description": ""
    }
  }, 
  {
    "pk": 55, 
    "model": "f3_final.farm", 
    "fields": {
      "phone_number": "360.592.2300", 
      "website": "", 
      "name": "Mount Baker Vineyards", 
      "confirmed_foods": [], 
      "service_offerings": [
        8
      ], 
      "hours_of_operation": "", 
      "longitude": null, 
      "seasonal_operation": "", 
      "payment_methods": [], 
      "address": "4298 Mount Baker Highway\nEverson", 
      "latitude": null, 
      "sustainability_indicators": [], 
      "contact_person": "Randy Finlay", 
      "email_address": "", 
      "categories": [], 
      "description": ""
    }
  }, 
  {
    "pk": 56, 
    "model": "f3_final.farm", 
    "fields": {
      "phone_number": "360.714.8859", 
      "website": "", 
      "name": "Cascadia Mushroom Works", 
      "confirmed_foods": [], 
      "service_offerings": [
        2, 
        7, 
        8, 
        9
      ], 
      "hours_of_operation": "", 
      "longitude": null, 
      "seasonal_operation": "", 
      "payment_methods": [], 
      "address": "", 
      "latitude": null, 
      "sustainability_indicators": [], 
      "contact_person": "Alex Winstead & Paul Manzanares", 
      "email_address": "", 
      "categories": [], 
      "description": ""
    }
  }, 
  {
    "pk": 57, 
    "model": "f3_final.farm", 
    "fields": {
      "phone_number": "360.599.9168", 
      "website": "", 
      "name": "Moorman Manor Farms", 
      "confirmed_foods": [], 
      "service_offerings": [
        8
      ], 
      "hours_of_operation": "", 
      "longitude": null, 
      "seasonal_operation": "", 
      "payment_methods": [], 
      "address": "9819 Silver Lake Road\nMaple Falls", 
      "latitude": null, 
      "sustainability_indicators": [], 
      "contact_person": "Torrey Moorman", 
      "email_address": "", 
      "categories": [], 
      "description": ""
    }
  }, 
  {
    "pk": 58, 
    "model": "f3_final.farm", 
    "fields": {
      "phone_number": "360.393.8747", 
      "website": "", 
      "name": "Rabbit Fields Farm", 
      "confirmed_foods": [], 
      "service_offerings": [
        7, 
        8, 
        9
      ], 
      "hours_of_operation": "", 
      "longitude": null, 
      "seasonal_operation": "", 
      "payment_methods": [], 
      "address": "", 
      "latitude": null, 
      "sustainability_indicators": [], 
      "contact_person": "Rosyln McNicholl", 
      "email_address": "", 
      "categories": [], 
      "description": ""
    }
  }, 
  {
    "pk": 59, 
    "model": "f3_final.farm", 
    "fields": {
      "phone_number": "360.398.9874", 
      "website": "", 
      "name": "Bjornstad Farms", 
      "confirmed_foods": [], 
      "service_offerings": [
        1, 
        5
      ], 
      "hours_of_operation": "", 
      "longitude": null, 
      "seasonal_operation": "", 
      "payment_methods": [], 
      "address": "6799 Old Guide Road\nLynden", 
      "latitude": null, 
      "sustainability_indicators": [], 
      "contact_person": "Jim & Judy Bjornstad", 
      "email_address": "", 
      "categories": [], 
      "description": ""
    }
  }, 
  {
    "pk": 60, 
    "model": "f3_final.farm", 
    "fields": {
      "phone_number": "360.366.4151", 
      "website": "http://www.graceharborfarms.com", 
      "name": "Grace Harbor Farms", 
      "confirmed_foods": [], 
      "service_offerings": [
        1, 
        2, 
        8, 
        9
      ], 
      "hours_of_operation": "", 
      "longitude": null, 
      "seasonal_operation": "", 
      "payment_methods": [], 
      "address": "2347 Birch Bay-Lynden Road\nCuster", 
      "latitude": null, 
      "sustainability_indicators": [], 
      "contact_person": "Tim & Grace Lukens", 
      "email_address": "", 
      "categories": [], 
      "description": ""
    }
  }, 
  {
    "pk": 61, 
    "model": "f3_final.farm", 
    "fields": {
      "phone_number": "360.384.4161", 
      "website": "http://www.lonebootbuffaloranch.com", 
      "name": "Lone Boot Buffalo Ranch", 
      "confirmed_foods": [], 
      "service_offerings": [
        8, 
        9
      ], 
      "hours_of_operation": "", 
      "longitude": null, 
      "seasonal_operation": "", 
      "payment_methods": [], 
      "address": "2170 Brown Road\nFerndale", 
      "latitude": null, 
      "sustainability_indicators": [], 
      "contact_person": "John & Sue Muggy", 
      "email_address": "", 
      "categories": [], 
      "description": ""
    }
  }, 
  {
    "pk": 62, 
    "model": "f3_final.farm", 
    "fields": {
      "phone_number": "360.966.4343", 
      "website": "http://www.dairybest.com", 
      "name": "Breckenridge Farm", 
      "confirmed_foods": [], 
      "service_offerings": [
        1, 
        9
      ], 
      "hours_of_operation": "", 
      "longitude": null, 
      "seasonal_operation": "", 
      "payment_methods": [], 
      "address": "602 East Main Street\nEverson", 
      "latitude": null, 
      "sustainability_indicators": [], 
      "contact_person": "Mike & Elena Gonser", 
      "email_address": "", 
      "categories": [], 
      "description": ""
    }
  }, 
  {
    "pk": 63, 
    "model": "f3_final.farm", 
    "fields": {
      "phone_number": "360.758.7260", 
      "website": "http://www.treefrogfarm.com", 
      "name": "Tree Frog Farm", 
      "confirmed_foods": [], 
      "service_offerings": [
        1
      ], 
      "hours_of_operation": "", 
      "longitude": null, 
      "seasonal_operation": "", 
      "payment_methods": [], 
      "address": "3679 Sunrise Road\nLummi Island", 
      "latitude": null, 
      "sustainability_indicators": [], 
      "contact_person": "Diana Pepper & John Robinson", 
      "email_address": "", 
      "categories": [], 
      "description": ""
    }
  }, 
  {
    "pk": 64, 
    "model": "f3_final.farm", 
    "fields": {
      "phone_number": "360.927.1590", 
      "website": "http://www.commonthreadsfarm.org", 
      "name": "Common Threads Farm", 
      "confirmed_foods": [], 
      "service_offerings": [
        1, 
        8
      ], 
      "hours_of_operation": "", 
      "longitude": null, 
      "seasonal_operation": "", 
      "payment_methods": [], 
      "address": "4050 Sunny Hill Lane\nLummi Island", 
      "latitude": null, 
      "sustainability_indicators": [], 
      "contact_person": "Laura Plaut", 
      "email_address": "", 
      "categories": [], 
      "description": ""
    }
  }
]
